text,label
A new AI model surpassed human benchmarks.,tech
The local team won the championship.,sports
The latest smartphone was released this week.,tech
An unexpected injury changed the game outcome.,sports
A study reveals new insights into genetics.,science
An unexpected injury changed the game outcome.,sports
The latest smartphone was released this week.,tech
An unexpected injury changed the game outcome.,sports
The latest smartphone was released this week.,tech
A new AI model surpassed human benchmarks.,tech
The stock market closed higher today.,business
An unexpected injury changed the game outcome.,sports
The local team won the championship.,sports
A study reveals new insights into genetics.,science
The central bank announced new interest rates.,business
The central bank announced new interest rates.,business
The space telescope captured stunning images.,science
The latest smartphone was released this week.,tech
An unexpected injury changed the game outcome.,sports
The local team won the championship.,sports
A study reveals new insights into genetics.,science
The space telescope captured stunning images.,science
A new AI model surpassed human benchmarks.,tech
The latest smartphone was released this week.,tech
The latest smartphone was released this week.,tech
Economic forecasts predict strong growth.,business
Quantum computing makes another leap forward.,tech
Economic forecasts predict strong growth.,business
The latest smartphone was released this week.,tech
The latest smartphone was released this week.,tech
Researchers discovered a new particle.,science
A study reveals new insights into genetics.,science
Researchers discovered a new particle.,science
The space telescope captured stunning images.,science
The local team won the championship.,sports
A new AI model surpassed human benchmarks.,tech
An unexpected injury changed the game outcome.,sports
Economic forecasts predict strong growth.,business
The latest smartphone was released this week.,tech
A study reveals new insights into genetics.,science
A new AI model surpassed human benchmarks.,tech
A study reveals new insights into genetics.,science
A new AI model surpassed human benchmarks.,tech
The central bank announced new interest rates.,business
The central bank announced new interest rates.,business
The central bank announced new interest rates.,business
The stock market closed higher today.,business
A new AI model surpassed human benchmarks.,tech
The space telescope captured stunning images.,science
Researchers discovered a new particle.,science
The latest smartphone was released this week.,tech
Researchers discovered a new particle.,science
The local team won the championship.,sports
The central bank announced new interest rates.,business
The central bank announced new interest rates.,business
Researchers discovered a new particle.,science
The latest smartphone was released this week.,tech
The match ended in a draw after extra time.,sports
A new AI model surpassed human benchmarks.,tech
An unexpected injury changed the game outcome.,sports
The stock market closed higher today.,business
A new AI model surpassed human benchmarks.,tech
An unexpected injury changed the game outcome.,sports
The space telescope captured stunning images.,science
Economic forecasts predict strong growth.,business
The local team won the championship.,sports
The local team won the championship.,sports
Economic forecasts predict strong growth.,business
Researchers discovered a new particle.,science
The stock market closed higher today.,business
The latest smartphone was released this week.,tech
The stock market closed higher today.,business
A new AI model surpassed human benchmarks.,tech
The space telescope captured stunning images.,science
A new AI model surpassed human benchmarks.,tech
The space telescope captured stunning images.,science
The central bank announced new interest rates.,business
The space telescope captured stunning images.,science
The space telescope captured stunning images.,science
A study reveals new insights into genetics.,science
Quantum computing makes another leap forward.,tech
A new AI model surpassed human benchmarks.,tech
Researchers discovered a new particle.,science
Quantum computing makes another leap forward.,tech
Researchers discovered a new particle.,science
The stock market closed higher today.,business
The central bank announced new interest rates.,business
The match ended in a draw after extra time.,sports
Economic forecasts predict strong growth.,business
Researchers discovered a new particle.,science
An unexpected injury changed the game outcome.,sports
A new AI model surpassed human benchmarks.,tech
Economic forecasts predict strong growth.,business
Quantum computing makes another leap forward.,tech
Researchers discovered a new particle.,science
An unexpected injury changed the game outcome.,sports
The match ended in a draw after extra time.,sports
The local team won the championship.,sports
The match ended in a draw after extra time.,sports
The local team won the championship.,sports
The stock market closed higher today.,business
An unexpected injury changed the game outcome.,sports
A new AI model surpassed human benchmarks.,tech
Researchers discovered a new particle.,science
The central bank announced new interest rates.,business
Economic forecasts predict strong growth.,business
The stock market closed higher today.,business
Researchers discovered a new particle.,science
A new AI model surpassed human benchmarks.,tech
The central bank announced new interest rates.,business
The local team won the championship.,sports
The local team won the championship.,sports
Economic forecasts predict strong growth.,business
The space telescope captured stunning images.,science
The match ended in a draw after extra time.,sports
Quantum computing makes another leap forward.,tech
Quantum computing makes another leap forward.,tech
The local team won the championship.,sports
A new AI model surpassed human benchmarks.,tech
The space telescope captured stunning images.,science
Quantum computing makes another leap forward.,tech
The stock market closed higher today.,business
The local team won the championship.,sports
The space telescope captured stunning images.,science
The local team won the championship.,sports
A study reveals new insights into genetics.,science
An unexpected injury changed the game outcome.,sports
Quantum computing makes another leap forward.,tech
The latest smartphone was released this week.,tech
The stock market closed higher today.,business
A study reveals new insights into genetics.,science
The latest smartphone was released this week.,tech
The stock market closed higher today.,business
Quantum computing makes another leap forward.,tech
A study reveals new insights into genetics.,science
Economic forecasts predict strong growth.,business
An unexpected injury changed the game outcome.,sports
The latest smartphone was released this week.,tech
A new AI model surpassed human benchmarks.,tech
Researchers discovered a new particle.,science
A study reveals new insights into genetics.,science
The central bank announced new interest rates.,business
A new AI model surpassed human benchmarks.,tech
The central bank announced new interest rates.,business
The stock market closed higher today.,business
Quantum computing makes another leap forward.,tech
The local team won the championship.,sports
The latest smartphone was released this week.,tech
The stock market closed higher today.,business
Quantum computing makes another leap forward.,tech
The latest smartphone was released this week.,tech
A study reveals new insights into genetics.,science
The match ended in a draw after extra time.,sports
Economic forecasts predict strong growth.,business
An unexpected injury changed the game outcome.,sports
The stock market closed higher today.,business
The central bank announced new interest rates.,business
An unexpected injury changed the game outcome.,sports
The local team won the championship.,sports
A new AI model surpassed human benchmarks.,tech
The stock market closed higher today.,business
The space telescope captured stunning images.,science
An unexpected injury changed the game outcome.,sports
The central bank announced new interest rates.,business
The match ended in a draw after extra time.,sports
The match ended in a draw after extra time.,sports
Quantum computing makes another leap forward.,tech
Economic forecasts predict strong growth.,business
A study reveals new insights into genetics.,science
The match ended in a draw after extra time.,sports
An unexpected injury changed the game outcome.,sports
A new AI model surpassed human benchmarks.,tech
An unexpected injury changed the game outcome.,sports
The central bank announced new interest rates.,business
An unexpected injury changed the game outcome.,sports
Quantum computing makes another leap forward.,tech
The local team won the championship.,sports
The space telescope captured stunning images.,science
The space telescope captured stunning images.,science
A new AI model surpassed human benchmarks.,tech
The space telescope captured stunning images.,science
The space telescope captured stunning images.,science
A study reveals new insights into genetics.,science
The match ended in a draw after extra time.,sports
The local team won the championship.,sports
Quantum computing makes another leap forward.,tech
A study reveals new insights into genetics.,science
The stock market closed higher today.,business
Researchers discovered a new particle.,science
The space telescope captured stunning images.,science
The stock market closed higher today.,business
A study reveals new insights into genetics.,science
The stock market closed higher today.,business
The space telescope captured stunning images.,science
The local team won the championship.,sports
A study reveals new insights into genetics.,science
Economic forecasts predict strong growth.,business
Economic forecasts predict strong growth.,business
The stock market closed higher today.,business
Researchers discovered a new particle.,science
The match ended in a draw after extra time.,sports
An unexpected injury changed the game outcome.,sports
Economic forecasts predict strong growth.,business
Economic forecasts predict strong growth.,business
The stock market closed higher today.,business
The latest smartphone was released this week.,tech
The match ended in a draw after extra time.,sports
An unexpected injury changed the game outcome.,sports
Quantum computing makes another leap forward.,tech
An unexpected injury changed the game outcome.,sports
The latest smartphone was released this week.,tech
Quantum computing makes another leap forward.,tech
An unexpected injury changed the game outcome.,sports
The local team won the championship.,sports
Researchers discovered a new particle.,science
An unexpected injury changed the game outcome.,sports
A study reveals new insights into genetics.,science
The local team won the championship.,sports
A study reveals new insights into genetics.,science
Economic forecasts predict strong growth.,business
A study reveals new insights into genetics.,science
The central bank announced new interest rates.,business
The stock market closed higher today.,business
Economic forecasts predict strong growth.,business
Quantum computing makes another leap forward.,tech
Quantum computing makes another leap forward.,tech
Quantum computing makes another leap forward.,tech
The local team won the championship.,sports
A new AI model surpassed human benchmarks.,tech
Researchers discovered a new particle.,science
Quantum computing makes another leap forward.,tech
The local team won the championship.,sports
The stock market closed higher today.,business
The latest smartphone was released this week.,tech
Quantum computing makes another leap forward.,tech
The stock market closed higher today.,business
Economic forecasts predict strong growth.,business
Researchers discovered a new particle.,science
Quantum computing makes another leap forward.,tech
Economic forecasts predict strong growth.,business
The space telescope captured stunning images.,science
The stock market closed higher today.,business
Researchers discovered a new particle.,science
The local team won the championship.,sports
Quantum computing makes another leap forward.,tech
An unexpected injury changed the game outcome.,sports
The latest smartphone was released this week.,tech
The local team won the championship.,sports
The local team won the championship.,sports
A new AI model surpassed human benchmarks.,tech
An unexpected injury changed the game outcome.,sports
Quantum computing makes another leap forward.,tech
A study reveals new insights into genetics.,science
Quantum computing makes another leap forward.,tech
Quantum computing makes another leap forward.,tech
A new AI model surpassed human benchmarks.,tech
The latest smartphone was released this week.,tech
The local team won the championship.,sports
A study reveals new insights into genetics.,science
A new AI model surpassed human benchmarks.,tech
The match ended in a draw after extra time.,sports
The space telescope captured stunning images.,science
Quantum computing makes another leap forward.,tech
Economic forecasts predict strong growth.,business
An unexpected injury changed the game outcome.,sports
An unexpected injury changed the game outcome.,sports
The latest smartphone was released this week.,tech
A study reveals new insights into genetics.,science
The stock market closed higher today.,business
A study reveals new insights into genetics.,science
The space telescope captured stunning images.,science
Researchers discovered a new particle.,science
The latest smartphone was released this week.,tech
The central bank announced new interest rates.,business
The space telescope captured stunning images.,science
Quantum computing makes another leap forward.,tech
A study reveals new insights into genetics.,science
The space telescope captured stunning images.,science
A study reveals new insights into genetics.,science
The latest smartphone was released this week.,tech
The stock market closed higher today.,business
A study reveals new insights into genetics.,science
The latest smartphone was released this week.,tech
Researchers discovered a new particle.,science
Researchers discovered a new particle.,science
The space telescope captured stunning images.,science
The local team won the championship.,sports
The space telescope captured stunning images.,science
Researchers discovered a new particle.,science
Quantum computing makes another leap forward.,tech
Researchers discovered a new particle.,science
Economic forecasts predict strong growth.,business
The latest smartphone was released this week.,tech
An unexpected injury changed the game outcome.,sports
Researchers discovered a new particle.,science
The stock market closed higher today.,business
A study reveals new insights into genetics.,science
The stock market closed higher today.,business
The stock market closed higher today.,business
Quantum computing makes another leap forward.,tech
